{
  "runtimeOptions": {
    "tfm": "net9.0",
    "framework": {
      "name": "Microsoft.NETCore.App",
      "version": "9.0.0"
    },
    "configProperties": {
      "System.Diagnostics.StackTrace.IsSupported": false,
      "System.Diagnostics.Tracing.EventSource.IsSupported": false,
      "System.Globalization.Invariant": true,
      "System.Globalization.PredefinedCulturesOnly": true,
      "System.Net.Http.EnableActivityPropagation": false,
      "System.Reflection.Metadata.MetadataUpdater.IsSupported": false,
      "System.Runtime.Serialization.EnableUnsafeBinaryFormatterSerialization": false
    }
  }
}